<?xml version="1.0" encoding="utf-8" ?>
<dwsync>
<file name="chosen-sprite.png" server="C:/wamp/www/guiaforte/" local="130196668000000000" remote="130196668000000000" />
<file name="chosen.css" server="C:/wamp/www/guiaforte/" local="130196668000000000" remote="130196668000000000" />
<file name="index.html" server="C:/wamp/www/guiaforte/" local="130307324977109375" remote="130307324970000000" />
<file name="chosen.jquery.js" server="C:/wamp/www/guiaforte/" local="130196668000000000" remote="130196668000000000" />
<file name="index2.html" server="C:/wamp/www/guiaforte/" local="130307327937470703" remote="130307327930000000" />
<file name="chosen.jquery.js" server="C:/wamp/www/escolar/" local="130408639585413942" remote="130408639580000000" />
<file name="chosen-sprite.png" server="C:/wamp/www/escolar/" local="130408639593214388" remote="130408639590000000" />
<file name="chosen.css" server="C:/wamp/www/escolar/" local="130408639586363996" remote="130408639580000000" />
</dwsync>