<?xml version="1.0" encoding="utf-8" ?>
<dwsync>
<file name="bg_default.jpg" server="D:/wamp/www/www.camerapicante.com.br/" local="130493003991404481" remote="130493003990000000" />
<file name="categorias2.png" server="D:/wamp/www/www.camerapicante.com.br/" local="130493042738360680" remote="130493042730000000" />
<file name="profile-options-bg.png" server="D:/wamp/www/www.camerapicante.com.br/" local="130493058237337171" remote="130493058230000000" />
<file name="header-bg.png" server="D:/wamp/www/www.camerapicante.com.br/" local="130493004574467830" remote="130493004570000000" />
<file name="sair.png" server="D:/wamp/www/www.camerapicante.com.br/" local="130607503409639121" remote="130607503400000000" />
<file name="editar.png" server="D:/wamp/www/www.camerapicante.com.br/" local="130863940186107210" remote="130863940180000000" />
<file name="main.css" server="D:/wamp/www/www.camerapicante.com.br/" local="131114413161443944" remote="131114413160000000" />
<file name="avatar.jpg" server="D:/wamp/www/www.camerapicante.com.br/" local="131109182060735170" remote="131109182060000000" />
<file name="Desktop.png" server="D:/wamp/www/www.camerapicante.com.br/" local="130493110128315165" remote="130493110120000000" />
<file name="dashboard.png" server="D:/wamp/www/www.camerapicante.com.br/" local="130493085521737749" remote="130493085520000000" />
<file name="chart.png" server="D:/wamp/www/www.camerapicante.com.br/" local="130493085617433222" remote="130493085610000000" />
</dwsync>