<?xml version="1.0" encoding="utf-8" ?>
<dwsync>
<file name="bg-caracteristica.png" server="D:/wamp/www/www.camerapicante.com.br/" local="131126415296094811" remote="131126415290000000" />
<file name="sombra-titulo-pagina.png" server="D:/wamp/www/www.camerapicante.com.br/" local="131126413340162938" remote="131126413340000000" />
<file name="logo.png" server="D:/wamp/www/www.camerapicante.com.br/" local="131126414613235754" remote="131126414610000000" />
<file name="bg_montar.jpg" server="D:/wamp/www/www.camerapicante.com.br/" local="131126418665857550" remote="131126418660000000" />
<file name="bg_pizza_4.png" server="D:/wamp/www/www.camerapicante.com.br/" local="131126348036807800" remote="131126348030000000" />
<file name="mesa2.jpg" server="D:/wamp/www/www.camerapicante.com.br/" local="131126423501534135" remote="131126423500000000" />
<file name="pizza-ilustrativa.jpg" server="D:/wamp/www/www.camerapicante.com.br/" local="131126428330340327" remote="131126428330000000" />
<file name="icon_cursor.png" server="D:/wamp/www/www.camerapicante.com.br/" local="131126493229212330" remote="131126493220000000" />
<file name="pizza_add_3_4.png" server="D:/wamp/www/www.camerapicante.com.br/" local="131126573997762027" remote="131126573990000000" />
<file name="prato.jpg" server="D:/wamp/www/www.camerapicante.com.br/" local="131126596365511389" remote="131126596360000000" />
<file name="add_sabor.png" server="D:/wamp/www/www.camerapicante.com.br/" local="131126606930125651" remote="131126606930000000" />
<file name="como_quer.png" server="D:/wamp/www/www.camerapicante.com.br/" local="131126609792719382" remote="131126609790000000" />
<file name="mini_pizza.jpg" server="D:/wamp/www/www.camerapicante.com.br/" local="131126615108223411" remote="131126615100000000" />
<file name="icon_bebida.jpg" server="D:/wamp/www/www.camerapicante.com.br/" local="131126654507586926" remote="131126654500000000" />
<file name="icon_mais.png" server="D:/wamp/www/www.camerapicante.com.br/" local="131126666073408453" remote="131126666070000000" />
<file name="fechar.jpg" server="D:/wamp/www/www.camerapicante.com.br/" local="131127289161336645" remote="131127289160000000" />
<file name="pizza_add_1_4.png" server="D:/wamp/www/www.camerapicante.com.br/" local="131126575900070833" remote="131126575900000000" />
<file name="pizza_add_2_4.png" server="D:/wamp/www/www.camerapicante.com.br/" local="131126575936042891" remote="131126575930000000" />
<file name="pizza_add_4_4.png" server="D:/wamp/www/www.camerapicante.com.br/" local="131126575619334776" remote="131126575610000000" />
<file name="montar_pizza.png" server="D:/wamp/www/www.camerapicante.com.br/" local="131127427116567233" remote="131127427110000000" />
<file name="banner.jpg" server="D:/wamp/www/www.camerapicante.com.br/" local="131127524488866610" remote="131127524480000000" />
<file name="menu_background.jpg" server="D:/wamp/www/www.camerapicante.com.br/" local="131127466870441025" remote="131127466870000000" />
<file name="novidade.png" server="D:/wamp/www/www.camerapicante.com.br/" local="131127531923271834" remote="131127531920000000" />
<file name="imob1.png" server="D:/wamp/www/www.camerapicante.com.br/" local="131127548159460491" remote="131127548150000000" />
<file name="imob2.png" server="D:/wamp/www/www.camerapicante.com.br/" local="131127550287582212" remote="131127550280000000" />
<file name="imob3.png" server="D:/wamp/www/www.camerapicante.com.br/" local="131127550590909562" remote="131127550590000000" />
<file name="pizza.png" server="D:/wamp/www/www.camerapicante.com.br/" local="131127553085092221" remote="131127553080000000" />
<file name="icon_montar.png" server="D:/wamp/www/www.camerapicante.com.br/" local="131127564335005679" remote="131127564330000000" />
<file name="icon_cardapio.png" server="D:/wamp/www/www.camerapicante.com.br/" local="131127566044893479" remote="131127566040000000" />
<file name="icon_bebidas.png" server="D:/wamp/www/www.camerapicante.com.br/" local="131127566413864583" remote="131127566410000000" />
<file name="icon_contato.png" server="D:/wamp/www/www.camerapicante.com.br/" local="131127568259190129" remote="131127568250000000" />
<file name="mais.png" server="D:/wamp/www/www.camerapicante.com.br/" local="131128185255888018" remote="131128185250000000" />
<file name="excluir.jpg" server="D:/wamp/www/www.camerapicante.com.br/" local="131128281110440585" remote="131128281110000000" />
<file name="menos.png" server="D:/wamp/www/www.camerapicante.com.br/" local="131128185163522735" remote="131128185160000000" />
<file name="recomecar.png" server="D:/wamp/www/www.camerapicante.com.br/" local="131128336644556955" remote="131128336640000000" />
<file name="logo_mais.jpg" server="D:/wamp/www/www.camerapicante.com.br/" local="131128348502135169" remote="131128348500000000" />
<file name="bg_pizza_5.png" server="D:/wamp/www/www.camerapicante.com.br/" local="131128422882819501" remote="131128422880000000" />
<file name="bg_pizza_2.png" server="D:/wamp/www/www.camerapicante.com.br/" local="131128880999980352" remote="131128880990000000" />
<file name="bg_pizza_3.png" server="D:/wamp/www/www.camerapicante.com.br/" local="131128880945307224" remote="131128880940000000" />
<file name="log.png" server="D:/wamp/www/www.camerapicante.com.br/" local="130355859553371556" remote="130355859550000000" />
<file name="icon_telefone.png" server="D:/wamp/www/www.camerapicante.com.br/" local="131128955679071751" remote="131128955670000000" />
<file name="icon-redessociais.png" server="D:/wamp/www/www.camerapicante.com.br/" local="131128957383439235" remote="131128957380000000" />
<file name="logo_avinci.png" server="D:/wamp/www/www.camerapicante.com.br/" local="131128972196006466" remote="131128972190000000" />
<file name="whatsapp.png" server="D:/wamp/www/www.camerapicante.com.br/" local="131129003010958980" remote="131129003010000000" />
<file name="Icon-internet.png" server="D:/wamp/www/www.camerapicante.com.br/" local="131129008131111836" remote="131129008130000000" />
<file name="social_facebook_box_blue.png" server="D:/wamp/www/www.camerapicante.com.br/" local="131129006200081388" remote="131129006200000000" />
</dwsync>